id,site,sequence,length,pdb,generated_pdb,energy_final_kj_mol,msa_contacts,msa_clashes,msa_chain_contacts,msa_chain_clashes,msa_ii1_contacts,msa_ii1_clashes,msa_ii1_chain_contacts,msa_ii1_chain_clashes,msa_ii1_anchor_count,msa_ii1_anchor_rmsd_a,msa_ii2_contacts,msa_ii2_clashes,msa_ii2_chain_contacts,msa_ii2_chain_clashes,msa_ii2_anchor_count,msa_ii2_anchor_rmsd_a,lewy_contacts,lewy_clashes,lewy_anchor_count,lewy_anchor_rmsd_a,pff_contacts,pff_clashes,pff_anchor_count,pff_anchor_rmsd_a,gravy,hydrophobic_run,lewy_margin,pff_margin,selectivity_proxy,rank_score,geometry_valid,broad_msa_contact,preference_proxy_positive,chemistry_pass,tier
site_2_020,site_2,SAPYGMLRLEYS,12,/media/yjz/htr/synuclein/results/relaxed/site_2/site_2_020.pdb,/media/yjz/htr/synuclein/results/generated/site_2/site_2_020.pdb,97545.02,29,0,19,0,9,0,9,0,9,2.661,10,0,10,0,9,2.645,26,59,9,11.822,66,53,9,1.01,-0.242,2,13.333,8.5,8.5,8.75,True,True,True,True,A
site_1_022,site_1,AMKKTYQVEVTV,12,/media/yjz/htr/synuclein/results/relaxed/site_1/site_1_022.pdb,/media/yjz/htr/synuclein/results/generated/site_1/site_1_022.pdb,105326.11,94,0,14,0,15,2,14,2,8,0.778,15,2,14,2,8,0.833,8,6,8,2.112,23,20,7,3.572,-0.1,1,1.5,3.833,1.5,2.25,True,True,True,True,A
site_1_021,site_1,SIEDDNLWRAFPLDNIQVLHNQRR,24,/media/yjz/htr/synuclein/results/relaxed/site_1/site_1_021.pdb,/media/yjz/htr/synuclein/results/generated/site_1/site_1_021.pdb,107277.85,151,0,24,0,22,0,12,0,8,0.52,20,1,12,0,8,0.577,14,9,8,1.903,39,14,7,3.52,-0.929,2,1.042,0.833,0.833,1.541,True,True,True,True,A
site_4_027,site_4,VNGASDPLNDVKEVGYKSRELRAR,24,/media/yjz/htr/synuclein/results/relaxed/site_4/site_4_027.pdb,/media/yjz/htr/synuclein/results/generated/site_4/site_4_027.pdb,96825.96,43,0,17,0,29,12,18,9,8,0.206,27,14,18,10,8,0.206,63,86,8,0.334,80,84,8,0.481,-0.992,1,7.625,6.542,6.542,5.917,True,False,True,True,B
site_2_003,site_2,VPRERNQWCGKWQV,14,/media/yjz/htr/synuclein/results/relaxed/site_2/site_2_003.pdb,/media/yjz/htr/synuclein/results/generated/site_2/site_2_003.pdb,96410.67,23,0,12,0,8,0,3,0,9,2.694,10,0,3,0,9,2.675,27,46,9,11.838,52,38,9,0.936,-1.414,1,8.143,5.0,5.0,5.571,True,False,True,True,B
site_2_004,site_2,RSAFVRLYENLLDNWA,16,/media/yjz/htr/synuclein/results/relaxed/site_2/site_2_004.pdb,/media/yjz/htr/synuclein/results/generated/site_2/site_2_004.pdb,97306.37,41,0,28,0,4,0,4,0,9,2.704,4,0,4,0,9,2.686,24,33,9,11.87,66,82,9,0.773,-0.25,2,4.938,11.5,4.938,5.188,True,False,True,True,B
site_2_011,site_2,KAEFWDIIVCD,11,/media/yjz/htr/synuclein/results/relaxed/site_2/site_2_011.pdb,/media/yjz/htr/synuclein/results/generated/site_2/site_2_011.pdb,99976.04,27,0,19,0,19,16,10,4,9,2.651,20,18,10,5,9,2.641,28,66,9,11.772,51,56,9,0.89,0.455,3,15.0,7.545,7.545,4.454,True,False,True,True,B
site_2_022,site_2,WFVPPKRTRQVE,12,/media/yjz/htr/synuclein/results/relaxed/site_2/site_2_022.pdb,/media/yjz/htr/synuclein/results/generated/site_2/site_2_022.pdb,102645.25,49,0,24,0,22,21,6,2,9,2.72,22,24,7,2,9,2.703,41,73,9,11.879,98,100,9,0.96,-1.125,3,14.833,12.667,12.667,3.833,True,False,True,True,B
site_2_015,site_2,LQTKKNWWDRGPLANLNVWSETLS,24,/media/yjz/htr/synuclein/results/relaxed/site_2/site_2_015.pdb,/media/yjz/htr/synuclein/results/generated/site_2/site_2_015.pdb,105323.04,119,0,25,0,31,26,16,13,9,2.514,29,26,15,12,9,2.499,35,66,9,11.757,168,176,9,1.009,-0.825,2,5.833,12.958,5.833,3.791,True,False,True,True,B
site_1_006,site_1,CEDHEGNVERERGQINFS,18,/media/yjz/htr/synuclein/results/relaxed/site_1/site_1_006.pdb,/media/yjz/htr/synuclein/results/generated/site_1/site_1_006.pdb,120964.35,138,0,30,0,44,20,36,20,8,0.954,46,18,37,18,8,1.007,33,46,8,2.255,89,87,7,3.68,-1.544,1,4.5,8.667,4.5,3.611,True,False,True,True,B
site_2_002,site_2,ESIILRLTRGEKRNEYSDS,19,/media/yjz/htr/synuclein/results/relaxed/site_2/site_2_002.pdb,/media/yjz/htr/synuclein/results/generated/site_2/site_2_002.pdb,99788.49,96,0,25,0,8,0,8,0,9,2.65,8,1,8,1,9,2.639,20,18,9,11.784,140,136,9,0.674,-1.216,3,2.053,14.368,2.053,2.316,True,False,True,True,B
site_2_000,site_2,ISLMGSNAKLEAAD,14,/media/yjz/htr/synuclein/results/relaxed/site_2/site_2_000.pdb,/media/yjz/htr/synuclein/results/generated/site_2/site_2_000.pdb,136251.73,34,0,27,0,20,15,14,13,9,2.79,20,14,15,12,9,2.778,32,34,9,11.715,85,75,9,0.996,0.214,2,3.214,8.214,3.214,1.428,True,False,True,True,B
site_1_024,site_1,QYMEEIWRTSF,11,/media/yjz/htr/synuclein/results/relaxed/site_1/site_1_024.pdb,/media/yjz/htr/synuclein/results/generated/site_1/site_1_024.pdb,99276.32,73,0,10,0,14,3,9,0,8,0.616,13,2,9,0,8,0.657,8,2,8,1.916,35,44,7,3.634,-0.864,2,0.636,9.273,0.636,1.091,True,False,True,True,B
site_1_005,site_1,PAHNPIPPYEM,11,/media/yjz/htr/synuclein/results/relaxed/site_1/site_1_005.pdb,/media/yjz/htr/synuclein/results/generated/site_1/site_1_005.pdb,100947.96,71,0,6,0,5,0,5,0,8,0.611,5,0,5,0,8,0.65,4,0,8,1.937,14,15,7,3.618,-0.882,1,0.091,3.273,0.091,0.546,True,False,True,True,B
site_1_002,site_1,ILRYTRGEKRNEYDDLRPH,19,/media/yjz/htr/synuclein/results/relaxed/site_1/site_1_002.pdb,/media/yjz/htr/synuclein/results/generated/site_1/site_1_002.pdb,106105.25,165,0,12,0,5,0,5,0,8,0.645,5,0,5,0,8,0.687,13,4,8,1.945,33,32,7,3.637,-1.884,2,0.211,3.579,0.211,0.474,True,False,True,True,B
site_4_012,site_4,NHSPILLLTALTGH,14,/media/yjz/htr/synuclein/results/relaxed/site_4/site_4_012.pdb,/media/yjz/htr/synuclein/results/generated/site_4/site_4_012.pdb,104574.92,96,0,8,0,6,0,6,0,8,0.234,6,0,6,0,8,0.216,7,0,8,0.318,105,71,8,0.401,0.529,4,-0.071,8.143,-0.071,0.358,True,False,False,True,B
site_4_002,site_4,TPSIILRLRRGEKRNEYSD,19,/media/yjz/htr/synuclein/results/relaxed/site_4/site_4_002.pdb,/media/yjz/htr/synuclein/results/generated/site_4/site_4_002.pdb,110366.79,182,0,6,0,3,0,3,0,8,0.2,5,0,5,0,8,0.197,2,0,8,0.317,219,188,8,0.449,-1.311,3,0.053,18.316,0.053,0.211,True,False,True,True,B
site_1_008,site_1,WLISEFIFRGEECDLANDELARDS,24,/media/yjz/htr/synuclein/results/relaxed/site_1/site_1_008.pdb,/media/yjz/htr/synuclein/results/generated/site_1/site_1_008.pdb,111675.65,79,0,16,0,102,90,20,6,8,0.862,102,96,21,6,8,0.898,77,107,8,2.065,172,183,7,3.609,-0.325,3,10.25,7.958,7.958,0.208,True,False,True,True,B
site_1_023,site_1,GYIKNPELAVPKVDFED,17,/media/yjz/htr/synuclein/results/relaxed/site_1/site_1_023.pdb,/media/yjz/htr/synuclein/results/generated/site_1/site_1_023.pdb,165685.89,115,0,10,0,5,2,4,2,8,0.619,4,2,3,2,8,0.67,8,6,8,1.974,11,6,7,3.591,-0.524,2,0.412,0.294,0.294,0.176,True,False,True,True,B
site_4_015,site_4,CHFQTKKNWWDDGPLAHLNVWSET,24,/media/yjz/htr/synuclein/results/relaxed/site_4/site_4_015.pdb,/media/yjz/htr/synuclein/results/generated/site_4/site_4_015.pdb,101711.67,48,0,16,0,50,62,27,37,8,0.363,50,54,26,31,8,0.354,56,75,8,0.46,111,126,8,0.569,-0.967,2,3.542,5.458,3.542,-2.125,True,False,True,True,B
site_3_025,site_3,IADARPPIRFGTILQ,15,/media/yjz/htr/synuclein/results/relaxed/site_3/site_3_025.pdb,/media/yjz/htr/synuclein/results/generated/site_3/site_3_025.pdb,105184.87,149,0,29,0,29,17,28,17,11,3.217,32,19,31,19,11,3.161,24,12,11,9.677,197,133,11,1.941,0.227,2,-0.933,11.8,-0.933,-2.6,True,False,False,True,B
site_3_019,site_3,WENDADLKLLLR,12,/media/yjz/htr/synuclein/results/relaxed/site_3/site_3_019.pdb,/media/yjz/htr/synuclein/results/generated/site_3/site_3_019.pdb,128475.11,138,0,47,0,50,27,42,21,11,3.168,50,33,42,26,11,3.114,21,23,11,9.56,163,128,11,2.065,-0.525,3,1.0,14.333,1.0,-3.083,True,False,True,True,B
site_3_018,site_3,DRRLQLLEPQIIYDYVCNS,19,/media/yjz/htr/synuclein/results/relaxed/site_3/site_3_018.pdb,/media/yjz/htr/synuclein/results/generated/site_3/site_3_018.pdb,132564.9,169,0,37,0,91,83,45,35,11,3.364,95,94,47,40,11,3.314,80,109,11,9.625,209,171,11,1.944,-0.416,3,9.158,6.158,6.158,-3.684,True,False,True,True,B
site_3_010,site_3,SESFSQIKLDSKAGQQSVAIYEA,23,/media/yjz/htr/synuclein/results/relaxed/site_3/site_3_010.pdb,/media/yjz/htr/synuclein/results/generated/site_3/site_3_010.pdb,112190.89,161,0,36,0,139,137,42,31,11,2.994,138,143,44,33,11,2.94,51,43,11,9.361,239,230,11,2.1,-0.404,2,1.0,6.957,1.0,-11.652,True,False,True,True,B
