id,site,sequence,length,pdb,msa_contacts,msa_clashes,msa_chain_contacts,msa_chain_clashes,lewy_contacts,lewy_clashes,lewy_anchor_count,lewy_anchor_rmsd_a,pff_contacts,pff_clashes,pff_anchor_count,pff_anchor_rmsd_a,gravy,hydrophobic_run,lewy_margin,pff_margin,selectivity_proxy,rank_score
site_4_013,site_4,ASAWLPGSRVLGSQAVV,17,/media/yjz/htr/synuclein/results/generated/site_4/site_4_013.pdb,62,40,45,38,74,107,8,0.292,107,116,8,0.459,0.7,2,10.471,10.765,10.471,7.059
site_2_001,site_2,RRHKVQARRTR,11,/media/yjz/htr/synuclein/results/generated/site_2/site_2_001.pdb,29,13,21,8,24,35,9,11.903,56,64,9,0.881,-2.527,1,7.091,11.455,7.091,6.182
site_3_008,site_3,TEWLISEFIFRGEENDLANDETAR,24,/media/yjz/htr/synuclein/results/generated/site_3/site_3_008.pdb,122,111,50,29,82,145,11,9.555,193,259,11,1.917,-0.758,3,13.167,15.542,13.167,4.375
site_2_009,site_2,LITRYDKEDCGEEGGGVQLKVN,22,/media/yjz/htr/synuclein/results/generated/site_2/site_2_009.pdb,24,11,22,11,30,64,9,11.903,41,51,9,0.881,-0.791,2,6.864,4.682,4.682,4.273
site_2_027,site_2,GASDPLNWVKEVGYKSRQFREDGR,24,/media/yjz/htr/synuclein/results/generated/site_2/site_2_027.pdb,14,0,14,0,28,31,9,11.903,60,53,9,0.881,-1.337,2,3.292,4.708,3.292,3.875
site_4_026,site_4,AKGPGEEKNHSEL,13,/media/yjz/htr/synuclein/results/generated/site_4/site_4_026.pdb,33,29,27,29,45,69,8,0.292,68,110,8,0.459,-1.738,1,7.846,16.0,7.846,3.692
site_2_022,site_2,WFVPPKRTRQVE,12,/media/yjz/htr/synuclein/results/generated/site_2/site_2_022.pdb,45,35,25,4,42,60,9,11.903,77,80,9,0.881,-1.125,3,12.583,8.583,8.583,3.583
site_2_004,site_2,RSAFVRLYENLLDNWA,16,/media/yjz/htr/synuclein/results/generated/site_2/site_2_004.pdb,39,25,25,14,25,45,9,11.903,54,64,9,0.881,-0.25,2,5.812,6.375,5.812,3.562
site_4_027,site_4,VNGASDPLNDVKEVGYKSRELRAR,24,/media/yjz/htr/synuclein/results/generated/site_4/site_4_027.pdb,44,47,18,11,69,91,8,0.292,72,117,8,0.459,-0.992,1,7.875,7.583,7.583,3.541
site_4_000,site_4,AISLMGSNAPTEAA,14,/media/yjz/htr/synuclein/results/generated/site_4/site_4_000.pdb,16,5,8,0,21,19,8,0.292,27,27,8,0.459,0.436,2,3.143,3.929,3.143,3.214
site_2_020,site_2,SAPYGMLRLEYS,12,/media/yjz/htr/synuclein/results/generated/site_2/site_2_020.pdb,31,27,19,15,28,70,9,11.903,63,67,9,0.881,-0.242,2,13.0,7.333,7.333,3.166
site_1_008,site_1,WLISEFIFRGEECDLANDELARDS,24,/media/yjz/htr/synuclein/results/generated/site_1/site_1_008.pdb,87,86,19,28,76,117,8,1.974,142,183,7,3.582,-0.325,3,8.75,9.833,8.75,1.625
site_3_016,site_3,KVVGINSNQGIGVCDKSS,18,/media/yjz/htr/synuclein/results/generated/site_3/site_3_016.pdb,103,77,43,8,59,61,11,9.555,137,174,11,1.917,-0.072,2,7.944,14.278,7.944,0.833
site_4_014,site_4,EGIDEGIGITDECGWFARFCRRPAL,25,/media/yjz/htr/synuclein/results/generated/site_4/site_4_014.pdb,2,0,2,0,5,5,8,0.292,20,15,8,0.459,-0.172,2,0.48,1.08,0.48,0.56
site_4_028,site_4,GESKDLNLESHDNGAQEAYVTE,22,/media/yjz/htr/synuclein/results/generated/site_4/site_4_028.pdb,2,0,2,0,2,0,8,0.292,15,5,8,0.459,-1.255,2,0.0,0.091,0.0,0.091
site_3_017,site_3,PARDVACRTYAESQQAERQ,19,/media/yjz/htr/synuclein/results/generated/site_3/site_3_017.pdb,135,96,39,5,67,52,11,9.555,146,147,11,1.917,-1.316,1,5.947,7.474,5.947,-2.106
site_3_020,site_3,APYGMLLLQYSA,12,/media/yjz/htr/synuclein/results/generated/site_3/site_3_020.pdb,82,75,26,2,52,48,11,9.555,105,132,11,1.917,0.667,4,9.333,12.333,9.333,-2.584
site_3_027,site_3,SSPLNWVKEVGAKSRQFRADGSYP,24,/media/yjz/htr/synuclein/results/generated/site_3/site_3_027.pdb,85,88,63,70,86,112,11,9.555,158,233,11,1.917,-0.9,2,4.292,15.083,4.292,-3.166
site_3_013,site_3,SPGCRQLGSQAVVRSQC,17,/media/yjz/htr/synuclein/results/generated/site_3/site_3_013.pdb,66,54,41,36,61,54,11,9.555,129,133,11,1.917,-0.312,2,2.0,10.235,2.0,-3.647
site_1_029,site_1,PCMILAGASLKPIAEALLNTKICPY,25,/media/yjz/htr/synuclein/results/generated/site_1/site_1_029.pdb,78,74,21,39,37,93,8,1.974,65,77,7,3.582,0.8,3,5.84,0.88,0.88,-4.88
site_1_019,site_1,ADLKLLLRKARL,12,/media/yjz/htr/synuclein/results/generated/site_1/site_1_019.pdb,57,40,3,0,2,0,8,1.974,5,0,7,3.582,0.192,3,0.083,-5.667,-5.667,-10.917
site_1_014,site_1,EGDGDTDECGWFALFNKRPALELPG,25,/media/yjz/htr/synuclein/results/generated/site_1/site_1_014.pdb,126,127,27,38,20,25,8,1.974,151,235,7,3.582,-0.648,2,-1.28,11.96,-1.28,-11.48
site_1_013,site_1,KQLGSQAVGRSQCGIVC,17,/media/yjz/htr/synuclein/results/generated/site_1/site_1_013.pdb,84,87,15,10,25,7,8,1.974,86,84,7,3.582,0.106,2,-1.118,-0.647,-1.118,-11.53
site_1_018,site_1,RSELLEPQIIYDYVCWSAD,19,/media/yjz/htr/synuclein/results/generated/site_1/site_1_018.pdb,92,100,23,15,26,8,8,1.974,81,120,7,3.582,-0.189,3,-1.263,3.737,-1.263,-12.21
