id,site,sequence,length,pdb,generated_pdb,energy_final_kj_mol,msa_contacts,msa_clashes,msa_chain_contacts,msa_chain_clashes,msa_ii1_contacts,msa_ii1_clashes,msa_ii1_chain_contacts,msa_ii1_chain_clashes,msa_ii1_anchor_count,msa_ii1_anchor_rmsd_a,msa_ii2_contacts,msa_ii2_clashes,msa_ii2_chain_contacts,msa_ii2_chain_clashes,msa_ii2_anchor_count,msa_ii2_anchor_rmsd_a,lewy_contacts,lewy_clashes,lewy_anchor_count,lewy_anchor_rmsd_a,pff_contacts,pff_clashes,pff_anchor_count,pff_anchor_rmsd_a,gravy,hydrophobic_run,lewy_margin,pff_margin,selectivity_proxy,rank_score,geometry_valid,broad_msa_contact,msa_all_compatible,comparison_reliable,preference_proxy_positive,chemistry_pass,tier
site_1_022,site_1,AMKKTYQVEVTV,12,/media/yjz/htr/synuclein/results/relaxed/site_1/site_1_022.pdb,/media/yjz/htr/synuclein/results/generated/site_1/site_1_022.pdb,105326.11,94,0,14,0,15,2,14,2,8,0.778,15,2,14,2,8,0.833,8,6,8,2.112,23,20,7,3.572,-0.1,1,1.5,3.833,1.5,2.25,True,True,True,True,True,True,A
site_1_021,site_1,SIEDDNLWRAFPLDNIQVLHNQRR,24,/media/yjz/htr/synuclein/results/relaxed/site_1/site_1_021.pdb,/media/yjz/htr/synuclein/results/generated/site_1/site_1_021.pdb,107277.85,151,0,24,0,22,0,12,0,8,0.52,20,1,12,0,8,0.577,14,9,8,1.903,39,14,7,3.52,-0.929,2,1.042,0.833,0.833,1.541,True,True,True,True,True,True,A
site_3_007,site_3,AGNLILLSLITLHNLD,16,/media/yjz/htr/synuclein/results/relaxed/site_3/site_3_007.pdb,/media/yjz/htr/synuclein/results/generated/site_3/site_3_007.pdb,106234.73,138,0,32,0,16,0,16,0,8,0.253,19,0,19,0,8,0.229,26,16,8,0.335,148,157,8,0.416,1.125,4,2.375,21.188,2.375,3.05,True,True,True,True,True,False,C
site_1_024,site_1,QYMEEIWRTSF,11,/media/yjz/htr/synuclein/results/relaxed/site_1/site_1_024.pdb,/media/yjz/htr/synuclein/results/generated/site_1/site_1_024.pdb,99276.32,73,0,10,0,14,3,9,0,8,0.616,13,2,9,0,8,0.657,8,2,8,1.916,35,44,7,3.634,-0.864,2,0.636,9.273,0.636,1.091,True,False,True,True,True,True,B
site_1_005,site_1,PAHNPIPPYEM,11,/media/yjz/htr/synuclein/results/relaxed/site_1/site_1_005.pdb,/media/yjz/htr/synuclein/results/generated/site_1/site_1_005.pdb,100947.96,71,0,6,0,5,0,5,0,8,0.611,5,0,5,0,8,0.65,4,0,8,1.937,14,15,7,3.618,-0.882,1,0.091,3.273,0.091,0.546,True,False,True,True,True,True,B
site_1_002,site_1,ILRYTRGEKRNEYDDLRPH,19,/media/yjz/htr/synuclein/results/relaxed/site_1/site_1_002.pdb,/media/yjz/htr/synuclein/results/generated/site_1/site_1_002.pdb,106105.25,165,0,12,0,5,0,5,0,8,0.645,5,0,5,0,8,0.687,13,4,8,1.945,33,32,7,3.637,-1.884,2,0.211,3.579,0.211,0.474,True,False,True,True,True,True,B
site_3_012,site_3,NHSPILLLTALTGH,14,/media/yjz/htr/synuclein/results/relaxed/site_3/site_3_012.pdb,/media/yjz/htr/synuclein/results/generated/site_3/site_3_012.pdb,104574.92,96,0,8,0,6,0,6,0,8,0.234,6,0,6,0,8,0.216,7,0,8,0.318,105,71,8,0.401,0.529,4,-0.071,8.143,-0.071,0.358,True,False,True,True,False,True,B
site_3_002,site_3,TPSIILRLRRGEKRNEYSD,19,/media/yjz/htr/synuclein/results/relaxed/site_3/site_3_002.pdb,/media/yjz/htr/synuclein/results/generated/site_3/site_3_002.pdb,110366.79,182,0,6,0,3,0,3,0,8,0.2,5,0,5,0,8,0.197,2,0,8,0.317,219,188,8,0.449,-1.311,3,0.053,18.316,0.053,0.211,True,False,True,True,True,True,B
site_1_019,site_1,ADLKLLLRKARL,12,/media/yjz/htr/synuclein/results/relaxed/site_1/site_1_019.pdb,/media/yjz/htr/synuclein/results/generated/site_1/site_1_019.pdb,96339.7,49,0,3,0,1,0,1,0,8,0.606,1,0,1,0,8,0.654,2,0,8,1.956,2,0,7,3.609,0.192,3,-0.083,-0.083,-0.083,0.0,True,False,True,True,False,True,B
site_1_011,site_1,IIECHTLFDPD,11,/media/yjz/htr/synuclein/results/relaxed/site_1/site_1_011.pdb,/media/yjz/htr/synuclein/results/generated/site_1/site_1_011.pdb,101214.61,72,0,7,0,7,2,7,2,8,0.653,7,2,7,2,8,0.68,6,0,8,1.931,25,23,7,3.672,0.191,2,-0.455,4.091,-0.455,-0.364,True,True,True,True,False,True,B
site_2_020,site_2,SAPYGMLRLEYS,12,/media/yjz/htr/synuclein/results/relaxed/site_2/site_2_020.pdb,/media/yjz/htr/synuclein/results/generated/site_2/site_2_020.pdb,97545.02,29,0,19,0,9,0,9,0,9,2.661,10,0,10,0,9,2.645,26,59,9,11.822,66,53,9,1.01,-0.242,2,13.333,8.5,8.5,8.75,True,True,True,False,True,True,B
site_4_025,site_4,IADARPPIRFGTILQ,15,/media/yjz/htr/synuclein/results/relaxed/site_4/site_4_025.pdb,/media/yjz/htr/synuclein/results/generated/site_4/site_4_025.pdb,97249.43,69,0,11,0,55,15,17,2,8,2.804,53,15,17,2,8,2.798,30,36,8,11.27,127,139,8,0.657,0.227,2,5.933,19.867,5.933,6.466,True,False,True,False,True,True,B
site_2_003,site_2,VPRERNQWCGKWQV,14,/media/yjz/htr/synuclein/results/relaxed/site_2/site_2_003.pdb,/media/yjz/htr/synuclein/results/generated/site_2/site_2_003.pdb,96410.67,23,0,12,0,8,0,3,0,9,2.694,10,0,3,0,9,2.675,27,46,9,11.838,52,38,9,0.936,-1.414,1,8.143,5.0,5.0,5.571,True,False,True,False,True,True,B
site_2_004,site_2,RSAFVRLYENLLDNWA,16,/media/yjz/htr/synuclein/results/relaxed/site_2/site_2_004.pdb,/media/yjz/htr/synuclein/results/generated/site_2/site_2_004.pdb,97306.37,41,0,28,0,4,0,4,0,9,2.704,4,0,4,0,9,2.686,24,33,9,11.87,66,82,9,0.773,-0.25,2,4.938,11.5,4.938,5.188,True,False,True,False,True,True,B
site_2_002,site_2,ESIILRLTRGEKRNEYSDS,19,/media/yjz/htr/synuclein/results/relaxed/site_2/site_2_002.pdb,/media/yjz/htr/synuclein/results/generated/site_2/site_2_002.pdb,99788.49,96,0,25,0,8,0,8,0,9,2.65,8,1,8,1,9,2.639,20,18,9,11.784,140,136,9,0.674,-1.216,3,2.053,14.368,2.053,2.316,True,False,True,False,True,True,B
site_2_025,site_2,SLIIDARPPIRFGTI,15,/media/yjz/htr/synuclein/results/relaxed/site_2/site_2_025.pdb,/media/yjz/htr/synuclein/results/generated/site_2/site_2_025.pdb,100761.58,54,0,23,0,21,6,21,6,9,2.782,20,6,20,6,9,2.771,18,8,9,11.624,68,47,9,0.949,0.587,3,0.533,5.0,0.533,0.666,True,False,True,False,True,True,B
site_2_019,site_2,EDWENHADLKLL,12,/media/yjz/htr/synuclein/results/relaxed/site_2/site_2_019.pdb,/media/yjz/htr/synuclein/results/generated/site_2/site_2_019.pdb,97181.58,12,0,8,0,1,0,1,0,9,2.776,1,0,1,0,9,2.76,19,12,9,11.922,23,8,9,0.946,-1.025,2,1.5,0.167,0.167,0.25,True,False,True,False,True,True,B
site_2_012,site_2,HSPILLLTALRGHG,14,/media/yjz/htr/synuclein/results/relaxed/site_2/site_2_012.pdb,/media/yjz/htr/synuclein/results/generated/site_2/site_2_012.pdb,101360.65,68,0,17,0,3,0,3,0,9,2.728,4,0,4,0,9,2.712,14,3,9,11.941,71,86,9,0.773,0.479,4,-0.143,13.571,-0.143,0.071,True,False,True,False,False,True,B
site_2_005,site_2,VRLNQIPAHQP,11,/media/yjz/htr/synuclein/results/relaxed/site_2/site_2_005.pdb,/media/yjz/htr/synuclein/results/generated/site_2/site_2_005.pdb,110003.46,22,0,12,0,2,0,2,0,9,2.753,2,0,2,0,9,2.739,28,21,9,11.889,42,11,9,0.893,-0.645,1,3.364,-0.636,-0.636,-0.454,True,False,True,False,False,True,B
site_3_027,site_3,VNGASDPLNDVKEVGYKSRELRAR,24,/media/yjz/htr/synuclein/results/relaxed/site_3/site_3_027.pdb,/media/yjz/htr/synuclein/results/generated/site_3/site_3_027.pdb,96825.96,43,0,17,0,29,12,18,9,8,0.206,27,14,18,10,8,0.206,63,86,8,0.334,80,84,8,0.481,-0.992,1,7.625,6.542,6.542,5.917,True,False,False,True,True,True,B
site_1_006,site_1,CEDHEGNVERERGQINFS,18,/media/yjz/htr/synuclein/results/relaxed/site_1/site_1_006.pdb,/media/yjz/htr/synuclein/results/generated/site_1/site_1_006.pdb,120964.35,138,0,30,0,44,20,36,20,8,0.954,46,18,37,18,8,1.007,33,46,8,2.255,89,87,7,3.68,-1.544,1,4.5,8.667,4.5,3.611,True,False,False,True,True,True,B
site_3_005,site_3,NLVRLFFIPAA,11,/media/yjz/htr/synuclein/results/relaxed/site_3/site_3_005.pdb,/media/yjz/htr/synuclein/results/generated/site_3/site_3_005.pdb,100751.55,76,0,32,0,45,19,36,17,8,0.466,45,16,36,15,8,0.423,34,34,8,0.552,89,83,8,0.482,1.445,4,4.818,13.455,4.818,3.082,True,False,False,True,True,False,C
site_1_008,site_1,WLISEFIFRGEECDLANDELARDS,24,/media/yjz/htr/synuclein/results/relaxed/site_1/site_1_008.pdb,/media/yjz/htr/synuclein/results/generated/site_1/site_1_008.pdb,111675.65,79,0,16,0,102,90,20,6,8,0.862,102,96,21,6,8,0.898,77,107,8,2.065,172,183,7,3.609,-0.325,3,10.25,7.958,7.958,0.208,True,False,False,True,True,True,B
site_1_023,site_1,GYIKNPELAVPKVDFED,17,/media/yjz/htr/synuclein/results/relaxed/site_1/site_1_023.pdb,/media/yjz/htr/synuclein/results/generated/site_1/site_1_023.pdb,165685.89,115,0,10,0,5,2,4,2,8,0.619,4,2,3,2,8,0.67,8,6,8,1.974,11,6,7,3.591,-0.524,2,0.412,0.294,0.294,0.176,True,False,False,True,True,True,B
site_1_009,site_1,DEDCGEAGGGVQLKEWLKGDIY,22,/media/yjz/htr/synuclein/results/relaxed/site_1/site_1_009.pdb,/media/yjz/htr/synuclein/results/generated/site_1/site_1_009.pdb,103293.88,80,0,20,0,42,20,13,2,8,0.514,40,14,13,3,8,0.555,10,16,8,1.848,13,3,7,3.534,-0.723,2,1.909,-1.0,-1.0,-1.818,True,False,False,True,False,True,B
site_3_015,site_3,CHFQTKKNWWDDGPLAHLNVWSET,24,/media/yjz/htr/synuclein/results/relaxed/site_3/site_3_015.pdb,/media/yjz/htr/synuclein/results/generated/site_3/site_3_015.pdb,101711.67,48,0,16,0,50,62,27,37,8,0.363,50,54,26,31,8,0.354,56,75,8,0.46,111,126,8,0.569,-0.967,2,3.542,5.458,3.542,-2.125,True,False,False,True,True,True,B
site_1_027,site_1,NNVKEVGPKSREPRADGRYPSLRN,24,/media/yjz/htr/synuclein/results/relaxed/site_1/site_1_027.pdb,/media/yjz/htr/synuclein/results/generated/site_1/site_1_027.pdb,100353.62,143,0,42,0,44,24,31,14,8,0.623,43,26,32,13,8,0.678,13,2,8,1.984,70,38,7,3.546,-1.721,1,-0.75,0.375,-0.75,-2.208,True,False,False,True,False,True,B
site_3_024,site_3,VRQQQYMEQIW,11,/media/yjz/htr/synuclein/results/relaxed/site_3/site_3_024.pdb,/media/yjz/htr/synuclein/results/generated/site_3/site_3_024.pdb,117420.11,69,0,18,0,24,17,21,12,8,0.308,24,19,21,14,8,0.3,19,16,8,0.382,93,125,8,0.504,-1.236,2,0.727,22.636,0.727,-2.273,True,False,False,True,True,True,B
site_1_015,site_1,WWDDGPLAHLNVWSETLSTGQWYL,24,/media/yjz/htr/synuclein/results/relaxed/site_1/site_1_015.pdb,/media/yjz/htr/synuclein/results/generated/site_1/site_1_015.pdb,110101.11,154,0,23,0,22,23,13,9,8,0.69,23,23,13,10,8,0.757,9,34,8,2.068,35,24,7,3.547,-0.408,3,3.167,-0.417,-0.417,-2.375,True,False,False,True,False,True,B
site_1_020,site_1,YGMLTDEYSAKN,12,/media/yjz/htr/synuclein/results/relaxed/site_1/site_1_020.pdb,/media/yjz/htr/synuclein/results/generated/site_1/site_1_020.pdb,99745.74,71,0,10,0,8,9,7,9,8,0.611,7,9,6,9,8,0.66,10,7,8,1.941,24,22,7,3.578,-0.95,2,-0.833,1.833,-0.833,-2.5,True,False,False,True,False,True,B
site_1_029,site_1,PCMILAGASLKPIAEALLNTKICPY,25,/media/yjz/htr/synuclein/results/relaxed/site_1/site_1_029.pdb,/media/yjz/htr/synuclein/results/generated/site_1/site_1_029.pdb,103555.92,81,0,18,0,40,43,26,33,8,0.634,40,49,25,41,8,0.701,31,55,8,2.055,65,87,7,3.516,0.8,3,1.44,3.56,1.44,-2.84,True,False,False,True,True,True,B
site_1_028,site_1,DLNSENHNNGAQEAYVTEPHLE,22,/media/yjz/htr/synuclein/results/relaxed/site_1/site_1_028.pdb,/media/yjz/htr/synuclein/results/generated/site_1/site_1_028.pdb,109236.55,147,0,19,0,110,77,18,1,8,0.672,116,84,18,4,8,0.712,42,30,8,2.011,157,218,7,3.563,-1.4,2,2.455,16.409,2.455,-3.727,True,False,False,True,True,True,B
site_3_026,site_3,AKGPGEEKNHSEL,13,/media/yjz/htr/synuclein/results/relaxed/site_3/site_3_026.pdb,/media/yjz/htr/synuclein/results/generated/site_3/site_3_026.pdb,146842.8,31,0,24,0,69,63,25,14,8,0.336,70,70,25,15,8,0.345,41,51,8,0.39,67,99,8,0.509,-1.738,1,7.077,6.923,6.923,-3.846,True,False,False,True,True,True,B
site_1_007,site_1,RIVLHNLDWKEYNLFA,16,/media/yjz/htr/synuclein/results/relaxed/site_1/site_1_007.pdb,/media/yjz/htr/synuclein/results/generated/site_1/site_1_007.pdb,99085.61,83,0,17,0,48,38,13,0,8,0.546,45,37,12,0,8,0.595,14,1,8,1.839,54,75,7,3.528,-0.194,3,0.062,6.562,0.062,-4.063,True,False,False,True,True,True,B
site_1_018,site_1,RSELLEPQIIYDYVCWSAD,19,/media/yjz/htr/synuclein/results/relaxed/site_1/site_1_018.pdb,/media/yjz/htr/synuclein/results/generated/site_1/site_1_018.pdb,102254.0,85,0,18,0,58,61,19,6,8,0.94,57,56,19,7,8,0.947,21,12,8,1.755,78,103,7,3.799,-0.189,3,0.684,5.579,0.684,-5.895,True,False,False,True,True,True,B
site_3_011,site_3,EPKAEFWDIIV,11,/media/yjz/htr/synuclein/results/relaxed/site_3/site_3_011.pdb,/media/yjz/htr/synuclein/results/generated/site_3/site_3_011.pdb,102306.53,67,0,25,0,54,40,28,11,8,0.48,56,44,29,12,8,0.44,42,20,8,0.525,91,86,8,0.489,0.082,3,1.0,8.273,1.0,-5.909,True,False,False,True,True,True,B
site_3_008,site_3,DNTEWLISEFIFRGEECDLANDEL,24,/media/yjz/htr/synuclein/results/relaxed/site_3/site_3_008.pdb,/media/yjz/htr/synuclein/results/generated/site_3/site_3_008.pdb,102240.7,93,0,50,0,115,82,55,16,8,0.502,109,89,52,17,8,0.536,70,17,8,0.456,179,178,8,0.767,-0.5,3,-0.75,8.208,-0.75,-7.333,True,False,False,True,False,True,B
site_3_003,site_3,QRVPLERNQWSGKW,14,/media/yjz/htr/synuclein/results/relaxed/site_3/site_3_003.pdb,/media/yjz/htr/synuclein/results/generated/site_3/site_3_003.pdb,101176.3,115,0,24,0,74,70,29,5,8,0.722,75,65,29,5,8,0.74,38,18,8,0.732,160,154,8,0.875,-1.679,1,2.143,11.857,2.143,-7.571,True,False,False,True,True,True,B
site_1_004,site_1,DVRSPENFLDNWAGWS,16,/media/yjz/htr/synuclein/results/relaxed/site_1/site_1_004.pdb,/media/yjz/htr/synuclein/results/generated/site_1/site_1_004.pdb,121862.55,149,0,15,0,62,56,12,0,8,0.563,63,61,12,0,8,0.616,19,1,8,1.982,39,51,7,3.468,-0.925,2,-0.25,-0.375,-0.375,-7.875,True,False,False,True,False,True,B
site_3_013,site_3,ASAWLPGSRVLGSQAVV,17,/media/yjz/htr/synuclein/results/relaxed/site_3/site_3_013.pdb,/media/yjz/htr/synuclein/results/generated/site_3/site_3_013.pdb,112832.9,62,0,45,0,100,86,51,24,8,0.785,98,81,47,20,8,0.779,68,31,8,0.745,107,122,8,0.849,0.7,2,0.235,5.941,0.235,-9.059,True,False,False,True,True,True,B
site_1_000,site_1,PGSNAPTEAADLQI,14,/media/yjz/htr/synuclein/results/relaxed/site_1/site_1_000.pdb,/media/yjz/htr/synuclein/results/generated/site_1/site_1_000.pdb,118804.83,104,0,48,0,80,69,48,29,8,0.967,82,66,49,28,8,0.961,39,24,8,2.024,76,105,7,3.943,-0.386,1,-0.429,8.0,-0.429,-9.5,True,False,False,True,False,True,B
site_3_016,site_3,RSKVTGINSNQGIGVSDK,18,/media/yjz/htr/synuclein/results/relaxed/site_3/site_3_016.pdb,/media/yjz/htr/synuclein/results/generated/site_3/site_3_016.pdb,97136.64,43,0,30,0,71,65,27,6,8,0.262,71,68,27,7,8,0.231,54,76,8,0.375,64,50,8,0.346,-0.733,1,10.0,-2.611,-2.611,-10.0,True,False,False,True,False,True,B
site_1_025,site_1,RPPIRFGTILQPYIQ,15,/media/yjz/htr/synuclein/results/relaxed/site_1/site_1_025.pdb,/media/yjz/htr/synuclein/results/generated/site_1/site_1_025.pdb,124766.71,71,0,21,0,39,50,21,24,8,0.653,37,47,21,19,8,0.716,25,8,8,1.989,59,83,7,3.516,-0.207,2,-3.467,5.267,-3.467,-10.867,True,False,False,True,False,True,B
site_1_014,site_1,EGDGDTDECGWFALFNKRPALELPG,25,/media/yjz/htr/synuclein/results/relaxed/site_1/site_1_014.pdb,/media/yjz/htr/synuclein/results/generated/site_1/site_1_014.pdb,105120.7,111,0,26,0,139,165,23,7,8,0.805,135,157,25,7,8,0.797,18,7,8,1.821,149,214,7,3.895,-0.648,2,0.2,5.48,0.2,-14.04,True,False,False,True,True,True,B
site_3_018,site_3,CSDRRSQLLEPQIIPDYVC,19,/media/yjz/htr/synuclein/results/relaxed/site_3/site_3_018.pdb,/media/yjz/htr/synuclein/results/generated/site_3/site_3_018.pdb,103956.25,105,0,32,0,126,123,38,23,8,1.08,127,125,39,21,8,1.105,42,18,8,0.948,142,110,8,1.184,-0.358,2,-1.0,-3.158,-3.158,-16.211,True,False,False,True,False,True,B
site_4_020,site_4,APYGMLRLQYLA,12,/media/yjz/htr/synuclein/results/relaxed/site_4/site_4_020.pdb,/media/yjz/htr/synuclein/results/generated/site_4/site_4_020.pdb,98154.74,64,0,13,0,54,21,16,8,8,2.869,52,25,16,7,8,2.858,31,43,8,11.254,99,121,8,0.625,0.358,2,7.5,20.083,7.5,5.583,True,False,False,False,True,True,B
site_4_001,site_4,AKVEALRLPHL,11,/media/yjz/htr/synuclein/results/relaxed/site_4/site_4_001.pdb,/media/yjz/htr/synuclein/results/generated/site_4/site_4_001.pdb,96326.24,36,0,11,0,53,30,13,5,8,2.833,53,29,13,3,8,2.826,24,39,8,11.251,74,89,8,0.564,0.227,1,8.273,14.182,8.273,4.636,True,False,False,False,True,True,B
site_2_011,site_2,KAEFWDIIVCD,11,/media/yjz/htr/synuclein/results/relaxed/site_2/site_2_011.pdb,/media/yjz/htr/synuclein/results/generated/site_2/site_2_011.pdb,99976.04,27,0,19,0,19,16,10,4,9,2.651,20,18,10,5,9,2.641,28,66,9,11.772,51,56,9,0.89,0.455,3,15.0,7.545,7.545,4.454,True,False,False,False,True,True,B
site_2_022,site_2,WFVPPKRTRQVE,12,/media/yjz/htr/synuclein/results/relaxed/site_2/site_2_022.pdb,/media/yjz/htr/synuclein/results/generated/site_2/site_2_022.pdb,102645.25,49,0,24,0,22,21,6,2,9,2.72,22,24,7,2,9,2.703,41,73,9,11.879,98,100,9,0.96,-1.125,3,14.833,12.667,12.667,3.833,True,False,False,False,True,True,B
site_2_015,site_2,LQTKKNWWDRGPLANLNVWSETLS,24,/media/yjz/htr/synuclein/results/relaxed/site_2/site_2_015.pdb,/media/yjz/htr/synuclein/results/generated/site_2/site_2_015.pdb,105323.04,119,0,25,0,31,26,16,13,9,2.514,29,26,15,12,9,2.499,35,66,9,11.757,168,176,9,1.009,-0.825,2,5.833,12.958,5.833,3.791,True,False,False,False,True,True,B
site_2_000,site_2,ISLMGSNAKLEAAD,14,/media/yjz/htr/synuclein/results/relaxed/site_2/site_2_000.pdb,/media/yjz/htr/synuclein/results/generated/site_2/site_2_000.pdb,136251.73,34,0,27,0,20,15,14,13,9,2.79,20,14,15,12,9,2.778,32,34,9,11.715,85,75,9,0.996,0.214,2,3.214,8.214,3.214,1.428,True,False,False,False,True,True,B
site_4_023,site_4,TWGLSYIKNPELAVPKV,17,/media/yjz/htr/synuclein/results/relaxed/site_4/site_4_023.pdb,/media/yjz/htr/synuclein/results/generated/site_4/site_4_023.pdb,103629.32,87,0,13,0,61,23,18,2,8,2.804,61,24,17,6,8,2.798,33,21,8,11.281,120,115,8,0.708,0.012,2,1.706,12.588,1.706,1.059,True,False,False,False,True,True,B
site_2_026,site_2,KGPGEEKNPSELY,13,/media/yjz/htr/synuclein/results/relaxed/site_2/site_2_026.pdb,/media/yjz/htr/synuclein/results/generated/site_2/site_2_026.pdb,97929.64,21,0,17,0,25,21,11,3,9,2.761,27,22,12,2,9,2.75,33,61,9,11.894,48,41,9,0.913,-1.854,2,11.692,2.769,2.769,-0.231,True,False,False,False,True,True,B
site_4_007,site_4,ILLSLIVLHNLDWKEY,16,/media/yjz/htr/synuclein/results/relaxed/site_4/site_4_007.pdb,/media/yjz/htr/synuclein/results/generated/site_4/site_4_007.pdb,106495.05,68,0,13,0,75,58,15,3,8,2.808,73,46,14,2,8,2.803,26,60,8,11.309,105,99,8,0.683,0.725,4,10.0,5.812,5.812,-0.375,True,False,False,False,True,True,B
site_2_016,site_2,SKVTGINSNQGIGVSDKS,18,/media/yjz/htr/synuclein/results/relaxed/site_2/site_2_016.pdb,/media/yjz/htr/synuclein/results/generated/site_2/site_2_016.pdb,122998.15,72,0,25,0,21,11,19,11,9,2.717,19,11,17,11,9,2.707,34,19,9,11.766,88,64,9,0.892,-0.528,1,0.389,5.0,0.389,-0.389,True,False,False,False,True,True,B
site_4_026,site_4,GPGEEANMSELYQ,13,/media/yjz/htr/synuclein/results/relaxed/site_4/site_4_026.pdb,/media/yjz/htr/synuclein/results/generated/site_4/site_4_026.pdb,97284.95,48,0,16,0,69,40,17,5,8,2.817,73,33,17,4,8,2.81,24,20,8,11.258,87,76,8,0.625,-1.115,2,2.923,6.923,2.923,-1.0,True,False,False,False,True,True,B
site_2_017,site_2,LGLARKVACRTYAELQQAE,19,/media/yjz/htr/synuclein/results/relaxed/site_2/site_2_017.pdb,/media/yjz/htr/synuclein/results/generated/site_2/site_2_017.pdb,101602.76,57,0,39,0,34,40,23,24,9,2.583,33,36,22,21,9,2.566,40,51,9,11.66,152,209,9,0.868,-0.211,1,3.368,20.474,3.368,-1.158,True,False,False,False,True,True,B
site_4_012,site_4,SPDLLLTALLGHGQ,14,/media/yjz/htr/synuclein/results/relaxed/site_4/site_4_012.pdb,/media/yjz/htr/synuclein/results/generated/site_4/site_4_012.pdb,116476.54,76,0,7,0,22,19,9,0,8,2.81,22,23,9,4,8,2.802,15,10,8,11.261,124,99,8,0.611,0.479,3,0.857,9.0,0.857,-2.5,True,False,False,False,True,True,B
site_2_001,site_2,RRHKVQARRTR,11,/media/yjz/htr/synuclein/results/relaxed/site_2/site_2_001.pdb,/media/yjz/htr/synuclein/results/generated/site_2/site_2_001.pdb,91356.34,29,0,17,0,15,16,9,16,9,2.803,15,15,9,15,9,2.785,25,23,9,11.93,69,45,9,0.984,-2.527,1,0.455,3.0,0.455,-2.545,True,False,False,False,True,True,B
site_4_019,site_4,WENDADLKLLLR,12,/media/yjz/htr/synuclein/results/relaxed/site_4/site_4_019.pdb,/media/yjz/htr/synuclein/results/generated/site_4/site_4_019.pdb,94802.85,60,0,17,0,51,47,18,2,8,2.83,47,57,16,1,8,2.818,20,31,8,11.242,90,120,8,0.609,-0.525,3,7.083,12.167,7.083,-3.25,True,False,False,False,True,True,B
site_4_021,site_4,IFSSFIEDRNLWRALMLDHIQVLH,24,/media/yjz/htr/synuclein/results/relaxed/site_4/site_4_021.pdb,/media/yjz/htr/synuclein/results/generated/site_4/site_4_021.pdb,132132.03,135,0,14,0,100,95,17,4,8,2.809,103,97,17,4,8,2.8,28,41,8,11.249,217,235,8,0.585,0.283,3,4.167,12.5,4.167,-3.666,True,False,False,False,True,True,B
site_4_004,site_4,VAFVRLPEHLLDQPAA,16,/media/yjz/htr/synuclein/results/relaxed/site_4/site_4_004.pdb,/media/yjz/htr/synuclein/results/generated/site_4/site_4_004.pdb,98870.38,78,0,7,0,66,64,7,2,8,2.811,67,67,8,2,8,2.802,16,36,8,11.259,98,100,8,0.636,0.413,2,5.812,4.25,4.25,-4.125,True,False,False,False,True,True,B
site_2_023,site_2,YLRWGLSYIKNPELAVP,17,/media/yjz/htr/synuclein/results/relaxed/site_2/site_2_023.pdb,/media/yjz/htr/synuclein/results/generated/site_2/site_2_023.pdb,115870.76,63,0,28,0,37,24,31,23,9,2.679,33,29,28,27,9,2.665,24,19,9,11.689,83,61,9,1.114,-0.082,2,-1.176,2.706,-1.176,-4.352,True,False,False,False,False,True,B
site_4_029,site_4,ASDQPCMILPGASLKPSAEGLLDTK,25,/media/yjz/htr/synuclein/results/relaxed/site_4/site_4_029.pdb,/media/yjz/htr/synuclein/results/generated/site_4/site_4_029.pdb,110693.87,158,0,41,0,105,109,37,33,8,2.836,106,109,34,32,8,2.826,36,66,8,11.343,160,178,8,0.756,-0.04,3,4.0,6.08,4.0,-4.88,True,False,False,False,True,True,B
site_4_022,site_4,QVAMKSTRLVEV,12,/media/yjz/htr/synuclein/results/relaxed/site_4/site_4_022.pdb,/media/yjz/htr/synuclein/results/generated/site_4/site_4_022.pdb,95485.86,33,0,13,0,82,57,14,7,8,2.828,87,56,16,7,8,2.821,15,16,8,11.292,65,65,8,0.663,0.267,2,2.167,3.417,2.167,-5.25,True,False,False,False,True,True,B
site_4_011,site_4,EFWDIIECDTL,11,/media/yjz/htr/synuclein/results/relaxed/site_4/site_4_011.pdb,/media/yjz/htr/synuclein/results/generated/site_4/site_4_011.pdb,97368.17,41,0,12,0,71,67,12,3,8,2.855,74,61,13,1,8,2.847,16,28,8,11.303,84,121,8,0.63,0.227,2,6.455,13.545,6.455,-5.363,True,False,False,False,True,True,B
site_4_013,site_4,LPGCRQLGSQAVVRCQC,17,/media/yjz/htr/synuclein/results/relaxed/site_4/site_4_013.pdb,/media/yjz/htr/synuclein/results/generated/site_4/site_4_013.pdb,101111.39,76,0,6,0,81,61,7,0,8,2.824,81,55,8,0,8,2.816,17,7,8,11.257,85,93,8,0.626,0.153,2,0.588,5.412,0.588,-5.412,True,False,False,False,True,True,B
site_4_005,site_4,LNMIPAHQPIP,11,/media/yjz/htr/synuclein/results/relaxed/site_4/site_4_005.pdb,/media/yjz/htr/synuclein/results/generated/site_4/site_4_005.pdb,97329.13,32,0,16,0,69,71,23,9,8,2.799,69,71,23,11,8,2.792,21,53,8,11.262,88,104,8,0.668,0.136,2,11.636,7.273,7.273,-5.818,True,False,False,False,True,True,B
site_4_016,site_4,KVTGINSNQGIGVCDKSS,18,/media/yjz/htr/synuclein/results/relaxed/site_4/site_4_016.pdb,/media/yjz/htr/synuclein/results/generated/site_4/site_4_016.pdb,101895.77,71,0,6,0,83,81,9,4,8,2.827,82,83,9,4,8,2.819,16,42,8,11.247,125,105,8,0.63,-0.344,1,5.944,1.278,1.278,-8.0,True,False,False,False,True,True,B
site_2_014,site_2,GKDEGIGDTDECGWFALFSKRPALQ,25,/media/yjz/htr/synuclein/results/relaxed/site_2/site_2_014.pdb,/media/yjz/htr/synuclein/results/generated/site_2/site_2_014.pdb,100007.7,29,0,28,0,132,148,26,26,9,2.594,131,146,25,26,9,2.582,47,60,9,11.744,116,129,9,1.044,-0.604,2,3.2,-1.64,-1.64,-14.12,True,False,False,False,False,True,B
site_2_013,site_2,AWLPGSRLLGSQAVVRS,17,/media/yjz/htr/synuclein/results/relaxed/site_2/site_2_013.pdb,/media/yjz/htr/synuclein/results/generated/site_2/site_2_013.pdb,97227.99,31,0,24,0,71,83,18,16,9,2.776,68,84,16,18,9,2.762,46,69,9,11.913,81,43,9,1.096,0.306,2,7.235,-8.0,-8.0,-18.824,True,False,False,False,False,True,B
site_2_028,site_2,ESKDLNLEFNNEGAQEAYLTEP,22,/media/yjz/htr/synuclein/results/relaxed/site_2/site_2_028.pdb,/media/yjz/htr/synuclein/results/generated/site_2/site_2_028.pdb,97778.23,59,0,31,0,123,144,59,77,9,2.748,121,140,61,76,9,2.733,23,30,9,11.91,108,84,9,0.949,-1.177,2,-4.773,-7.5,-7.5,-21.545,True,False,False,False,False,True,B
site_4_024,site_4,QQLYMEEIWRT,11,/media/yjz/htr/synuclein/results/relaxed/site_4/site_4_024.pdb,/media/yjz/htr/synuclein/results/generated/site_4/site_4_024.pdb,95212.84,30,0,5,0,71,97,7,0,8,2.806,69,98,8,0,8,2.799,17,40,8,11.277,74,87,8,0.651,-1.018,3,9.818,-3.455,-3.455,-23.91,True,False,False,False,False,True,B
site_4_003,site_4,REREQWCGKWQVMV,14,/media/yjz/htr/synuclein/results/relaxed/site_4/site_4_003.pdb,/media/yjz/htr/synuclein/results/generated/site_4/site_4_003.pdb,116476.17,69,0,9,0,78,108,13,2,8,2.799,78,103,12,1,8,2.789,22,30,8,11.241,80,59,8,0.599,-1.164,3,5.357,-10.643,-10.643,-28.214,True,False,False,False,False,True,B
site_4_027,site_4,SSPLNNVKEVGAKSLQFRADGSYP,24,/media/yjz/htr/synuclein/results/relaxed/site_4/site_4_027.pdb,/media/yjz/htr/synuclein/results/generated/site_4/site_4_027.pdb,99998.65,72,0,14,0,201,219,13,6,8,2.896,198,207,12,5,8,2.885,16,1,8,11.271,120,112,8,0.622,-0.663,1,-0.75,-10.0,-10.0,-29.0,True,False,False,False,False,True,B
site_4_000,site_4,SLMGSNAPLEAADL,14,/media/yjz/htr/synuclein/results/relaxed/site_4/site_4_000.pdb,/media/yjz/htr/synuclein/results/generated/site_4/site_4_000.pdb,111512.45,55,0,4,0,90,109,5,1,8,2.806,87,117,5,1,8,2.796,12,19,8,11.238,57,37,8,0.617,0.329,2,3.357,-15.0,-15.0,-33.857,True,False,False,False,False,True,B
site_3_025,site_3,WSSLIADARPPIRFG,15,/media/yjz/htr/synuclein/results/relaxed/site_3/site_3_025.pdb,/media/yjz/htr/synuclein/results/generated/site_3/site_3_025.pdb,98763.37,69,0,3,0,5,0,5,0,8,0.294,5,0,5,0,8,0.294,20,28,8,0.386,90,98,8,0.466,0.04,2,4.467,13.933,4.467,4.8,False,False,True,True,True,True,C
site_3_023,site_3,GYYLTWGLSYIKNPELA,17,/media/yjz/htr/synuclein/results/relaxed/site_3/site_3_023.pdb,/media/yjz/htr/synuclein/results/generated/site_3/site_3_023.pdb,98990.74,8,0,2,0,4,0,3,0,8,0.227,4,0,3,0,8,0.226,37,73,8,0.362,27,13,8,0.502,-0.112,3,10.824,0.941,0.941,1.176,False,False,True,True,True,True,C
site_3_029,site_3,RLDLASNQPCYILHGASLKKSGEAL,25,/media/yjz/htr/synuclein/results/relaxed/site_3/site_3_029.pdb,/media/yjz/htr/synuclein/results/generated/site_3/site_3_029.pdb,110492.79,134,0,1,0,1,0,1,0,8,0.248,1,0,1,0,8,0.24,1,0,8,0.341,159,139,8,0.473,-0.168,3,0.0,10.36,0.0,0.04,False,False,True,True,False,True,C
site_1_001,site_1,ARRTPHLVYRI,11,/media/yjz/htr/synuclein/results/relaxed/site_1/site_1_001.pdb,/media/yjz/htr/synuclein/results/generated/site_1/site_1_001.pdb,96604.55,65,0,1,0,0,0,0,0,8,0.601,0,0,0,0,8,0.654,0,0,8,1.973,12,13,7,3.585,-0.545,3,0.0,2.455,0.0,0.0,False,False,False,True,False,True,C
site_3_009,site_3,EKLISRYPKEDCGEEGGGVQLK,22,/media/yjz/htr/synuclein/results/relaxed/site_3/site_3_009.pdb,/media/yjz/htr/synuclein/results/generated/site_3/site_3_009.pdb,98621.77,0,0,0,0,0,0,0,0,8,0.235,0,0,0,0,8,0.232,14,16,8,0.35,0,0,8,0.476,-1.077,2,1.545,0.0,0.0,0.0,False,False,False,True,False,True,C
site_3_022,site_3,DWFVPPKRTRQV,12,/media/yjz/htr/synuclein/results/relaxed/site_3/site_3_022.pdb,/media/yjz/htr/synuclein/results/generated/site_3/site_3_022.pdb,124459993.71,52,34,23,6,31,14,21,5,8,0.217,31,17,22,6,8,0.21,39,25,8,0.291,61,51,8,0.455,-1.125,3,3.333,3.5,3.333,-0.834,False,False,False,True,True,True,C
site_3_006,site_3,SAHPCEDHGGNVERERGQ,18,/media/yjz/htr/synuclein/results/relaxed/site_3/site_3_006.pdb,/media/yjz/htr/synuclein/results/generated/site_3/site_3_006.pdb,167111883562.32,80,90,13,14,36,69,22,38,8,0.216,37,71,22,41,8,0.209,43,92,8,0.291,104,139,8,0.455,-1.75,1,7.333,6.833,6.833,-3.723,False,False,False,True,True,True,C
site_3_000,site_3,AISLMGSNAPTEAA,14,/media/yjz/htr/synuclein/results/relaxed/site_3/site_3_000.pdb,/media/yjz/htr/synuclein/results/generated/site_3/site_3_000.pdb,98354.99,13,0,7,0,79,45,7,0,8,0.208,76,36,7,1,8,0.209,25,24,8,0.333,27,16,8,0.46,0.436,2,3.643,-2.5,-2.5,-6.5,False,False,False,True,False,True,C
site_3_014,site_3,EGIDEGIGITDECGWFARFCRRPAL,25,/media/yjz/htr/synuclein/results/relaxed/site_3/site_3_014.pdb,/media/yjz/htr/synuclein/results/generated/site_3/site_3_014.pdb,357439379.67,2,0,2,0,72,67,1,0,8,0.216,72,69,1,0,8,0.209,5,5,8,0.291,20,15,8,0.455,-0.172,2,0.44,-4.4,-4.4,-9.8,False,False,False,True,False,True,C
site_1_013,site_1,KQLGSQAVGRSQCGIVC,17,/media/yjz/htr/synuclein/results/relaxed/site_1/site_1_013.pdb,/media/yjz/htr/synuclein/results/generated/site_1/site_1_013.pdb,1.0502970390240749e+17,84,87,15,9,68,71,14,12,8,0.611,68,63,15,12,8,0.66,25,7,8,1.974,85,84,7,3.585,0.106,2,-1.529,-0.588,-1.529,-11.941,False,False,False,True,False,True,C
site_1_012,site_1,ILLTTALRGHGFIQ,14,/media/yjz/htr/synuclein/results/relaxed/site_1/site_1_012.pdb,/media/yjz/htr/synuclein/results/generated/site_1/site_1_012.pdb,80462249760.63,68,56,9,14,8,18,6,18,8,0.612,7,18,6,18,8,0.66,7,9,8,1.974,11,0,7,3.585,0.829,3,-2.0,-7.929,-7.929,-15.101,False,False,False,True,False,False,C
site_1_017,site_1,VACRTAAESQQAERQWGAP,19,/media/yjz/htr/synuclein/results/relaxed/site_1/site_1_017.pdb,/media/yjz/htr/synuclein/results/generated/site_1/site_1_017.pdb,508867725985.48,103,116,13,31,24,48,15,48,8,0.612,26,45,17,45,8,0.661,32,15,8,1.974,76,124,7,3.585,-0.8,1,-6.105,2.684,-6.105,-19.0,False,False,False,True,False,True,C
site_3_020,site_3,PSAPYGMLRLQP,12,/media/yjz/htr/synuclein/results/relaxed/site_3/site_3_020.pdb,/media/yjz/htr/synuclein/results/generated/site_3/site_3_020.pdb,21095257.42,25,22,16,21,67,87,15,20,8,0.216,70,92,16,20,8,0.208,28,20,8,0.291,54,76,8,0.455,-0.333,2,-1.25,-2.667,-2.667,-19.834,False,False,False,True,False,True,C
site_3_019,site_3,EIEDWVNAADLK,12,/media/yjz/htr/synuclein/results/relaxed/site_3/site_3_019.pdb,/media/yjz/htr/synuclein/results/generated/site_3/site_3_019.pdb,627633349579.3,95,95,35,43,55,67,35,46,8,0.217,53,69,33,44,8,0.209,32,71,8,0.291,97,77,8,0.455,-0.517,2,6.5,-4.667,-4.667,-20.5,False,False,False,True,False,True,C
site_3_010,site_3,SQSESFSQIKLDSKAGQQSVAIY,23,/media/yjz/htr/synuclein/results/relaxed/site_3/site_3_010.pdb,/media/yjz/htr/synuclein/results/generated/site_3/site_3_010.pdb,8956112955904.41,148,165,15,13,17,8,16,8,8,0.216,16,8,15,8,8,0.209,17,17,8,0.291,111,111,8,0.455,-0.517,2,0.435,-5.435,-5.435,-20.522,False,False,False,True,False,True,C
site_3_021,site_3,ASNFKFSSFIEDRNLWRAFMLDNS,24,/media/yjz/htr/synuclein/results/relaxed/site_3/site_3_021.pdb,/media/yjz/htr/synuclein/results/generated/site_3/site_3_021.pdb,86748038208601.86,193,221,55,65,118,157,56,75,8,0.215,119,159,59,70,8,0.208,59,124,8,0.291,153,161,8,0.455,-0.383,3,6.0,-5.833,-5.833,-25.416,False,False,False,True,False,True,C
site_3_004,site_3,TRVAFVRLYENLLDNP,16,/media/yjz/htr/synuclein/results/relaxed/site_3/site_3_004.pdb,/media/yjz/htr/synuclein/results/generated/site_3/site_3_004.pdb,1.0211195208907106e+16,99,106,29,20,129,156,28,20,8,0.217,127,150,28,21,8,0.209,27,14,8,0.29,97,109,8,0.454,-0.138,2,-1.25,-6.812,-6.812,-28.0,False,False,False,True,False,True,C
site_3_001,site_3,PDRRAKVQARR,11,/media/yjz/htr/synuclein/results/relaxed/site_3/site_3_001.pdb,/media/yjz/htr/synuclein/results/generated/site_3/site_3_001.pdb,12735237235.89,83,78,31,28,70,110,28,34,8,0.216,71,99,28,32,8,0.209,29,47,8,0.29,80,97,8,0.455,-2.064,1,3.455,-4.455,-4.455,-28.091,False,False,False,True,False,True,C
site_3_017,site_3,ATLGLARKVACRTYAESQQ,19,/media/yjz/htr/synuclein/results/relaxed/site_3/site_3_017.pdb,/media/yjz/htr/synuclein/results/generated/site_3/site_3_017.pdb,114412.29,18,0,17,0,147,188,22,3,8,0.412,139,173,21,1,8,0.411,26,1,8,0.55,67,99,8,0.609,-0.305,1,-0.526,-9.842,-9.842,-31.789,False,False,False,True,False,True,C
site_1_016,site_1,VGINCNQGIGVCDISSEL,18,/media/yjz/htr/synuclein/results/relaxed/site_1/site_1_016.pdb,/media/yjz/htr/synuclein/results/generated/site_1/site_1_016.pdb,7897567925.97,135,154,21,4,15,3,15,3,8,0.611,14,3,14,3,8,0.659,19,10,8,1.973,24,17,7,3.584,0.578,1,0.889,-16.667,-16.667,-34.834,False,False,False,True,False,True,C
site_1_026,site_1,GEEANPSELYQKL,13,/media/yjz/htr/synuclein/results/relaxed/site_1/site_1_026.pdb,/media/yjz/htr/synuclein/results/generated/site_1/site_1_026.pdb,153508608899.39,120,138,22,18,35,30,14,12,8,0.612,37,34,12,15,8,0.66,12,15,8,1.974,29,48,7,3.585,-1.238,2,0.0,-13.769,-13.769,-36.384,False,False,False,True,False,True,C
site_3_028,site_3,GESKDLNLESHDNGAQEAYVTE,22,/media/yjz/htr/synuclein/results/relaxed/site_3/site_3_028.pdb,/media/yjz/htr/synuclein/results/generated/site_3/site_3_028.pdb,5869822824.49,2,0,2,0,154,183,1,0,8,0.216,156,187,2,0,8,0.209,2,0,8,0.291,15,5,8,0.455,-1.255,2,-0.045,-18.409,-18.409,-36.818,False,False,False,True,False,True,C
site_1_003,site_1,EWCATWNVMVTSFI,14,/media/yjz/htr/synuclein/results/relaxed/site_1/site_1_003.pdb,/media/yjz/htr/synuclein/results/generated/site_1/site_1_003.pdb,12239314824274.71,94,137,12,17,25,47,12,20,8,0.612,26,48,12,20,8,0.661,14,19,8,1.974,28,47,7,3.585,0.779,3,-0.357,-14.571,-14.571,-37.214,False,False,False,True,False,True,C
site_1_010,site_1,SFSFIKSDSKAGQQLVAIYQAYQ,23,/media/yjz/htr/synuclein/results/relaxed/site_1/site_1_010.pdb,/media/yjz/htr/synuclein/results/generated/site_1/site_1_010.pdb,9.785989952828236e+19,135,219,3,0,3,0,3,0,8,0.612,3,0,3,0,8,0.66,2,0,8,1.974,12,0,7,3.585,-0.152,2,0.043,-23.217,-23.217,-45.913,False,False,False,True,False,True,C
site_2_027,site_2,GASDPLNWVKEVGYKSRQFREDGR,24,/media/yjz/htr/synuclein/results/relaxed/site_2/site_2_027.pdb,/media/yjz/htr/synuclein/results/generated/site_2/site_2_027.pdb,95138.03,17,0,16,0,32,9,14,4,9,2.795,30,11,14,6,9,2.774,29,37,9,11.871,68,71,9,0.844,-1.337,2,3.25,5.917,3.25,3.125,False,False,False,False,True,True,C
site_2_010,site_2,QIESFSQIKLDSKAGQQSVAIYE,23,/media/yjz/htr/synuclein/results/relaxed/site_2/site_2_010.pdb,/media/yjz/htr/synuclein/results/generated/site_2/site_2_010.pdb,6515532233287034.0,23,9,12,9,0,0,0,0,9,2.775,0,0,0,0,9,2.764,9,12,9,11.903,15,1,9,0.881,-0.404,2,0.522,-0.696,-0.696,-0.87,False,False,False,False,False,True,C
site_4_015,site_4,TKKNWWDRGPLAMLNTDSETLSTG,24,/media/yjz/htr/synuclein/results/relaxed/site_4/site_4_015.pdb,/media/yjz/htr/synuclein/results/generated/site_4/site_4_015.pdb,106789.65,143,0,2,0,28,49,5,0,8,2.812,29,49,4,0,8,2.803,16,36,8,11.253,242,287,8,0.62,-0.971,2,3.917,20.833,3.917,-1.041,False,False,False,False,True,True,C
site_4_010,site_4,SESFSQIKLDSKAGQQSVAIYEA,23,/media/yjz/htr/synuclein/results/relaxed/site_4/site_4_010.pdb,/media/yjz/htr/synuclein/results/generated/site_4/site_4_010.pdb,101926.05,83,0,5,0,69,40,7,0,8,2.847,72,44,6,2,8,2.839,8,10,8,11.276,136,113,8,0.627,-0.404,2,0.957,6.217,0.957,-1.652,False,False,False,False,True,True,C
site_2_029,site_2,DLASNQPCMILHGASLKPNAEGLLD,25,/media/yjz/htr/synuclein/results/relaxed/site_2/site_2_029.pdb,/media/yjz/htr/synuclein/results/generated/site_2/site_2_029.pdb,100641.1,22,0,12,0,10,14,8,14,9,2.79,10,13,8,13,9,2.771,14,32,9,11.932,19,10,9,0.96,-0.016,3,1.92,-0.84,-0.84,-2.12,False,False,False,False,False,True,C
site_2_021,site_2,NLIFSSFIEDRNLWRAFMLDNIQV,24,/media/yjz/htr/synuclein/results/relaxed/site_2/site_2_021.pdb,/media/yjz/htr/synuclein/results/generated/site_2/site_2_021.pdb,312501001362.52,51,57,40,57,4,0,4,0,9,2.777,3,0,3,0,9,2.766,33,71,9,11.903,96,131,9,0.881,0.217,3,2.042,7.375,2.042,-2.958,False,False,False,False,True,True,C
site_2_008,site_2,NLEWLISEFIFRGEEIDLANDETA,24,/media/yjz/htr/synuclein/results/relaxed/site_2/site_2_008.pdb,/media/yjz/htr/synuclein/results/generated/site_2/site_2_008.pdb,40102568893.36,76,66,33,31,5,0,3,0,9,2.777,4,0,2,0,9,2.766,42,49,9,11.903,139,139,9,0.881,-0.196,3,1.875,6.5,1.875,-3.208,False,False,False,False,True,True,C
site_2_007,site_2,NLILLSLITLHNLDWK,16,/media/yjz/htr/synuclein/results/relaxed/site_2/site_2_007.pdb,/media/yjz/htr/synuclein/results/generated/site_2/site_2_007.pdb,1957143672243.68,32,44,16,39,15,30,11,28,9,2.776,15,31,11,29,9,2.765,29,63,9,11.903,53,52,9,0.881,0.738,4,3.688,0.188,0.188,-6.062,False,False,False,False,True,True,C
site_2_009,site_2,LITRYDKEDCGEEGGGVQLKVN,22,/media/yjz/htr/synuclein/results/relaxed/site_2/site_2_009.pdb,/media/yjz/htr/synuclein/results/generated/site_2/site_2_009.pdb,119980.18,21,0,18,0,55,56,18,10,9,2.872,53,50,19,10,9,2.851,33,42,9,12.052,41,41,9,1.303,-0.791,2,3.682,-1.409,-1.409,-6.545,False,False,False,False,False,True,C
site_4_018,site_4,DRRSQLLEPQIIPDYVCNS,19,/media/yjz/htr/synuclein/results/relaxed/site_4/site_4_018.pdb,/media/yjz/htr/synuclein/results/generated/site_4/site_4_018.pdb,104000.76,128,0,2,0,74,98,5,0,8,2.805,72,108,5,0,8,2.796,19,39,8,11.219,160,188,8,0.606,-0.674,2,5.263,8.0,5.263,-8.0,False,False,False,False,True,True,C
site_4_006,site_4,HPSEDHGGFVERERGQIN,18,/media/yjz/htr/synuclein/results/relaxed/site_4/site_4_006.pdb,/media/yjz/htr/synuclein/results/generated/site_4/site_4_006.pdb,126269.86,114,0,3,0,102,110,10,1,8,2.842,98,112,10,1,8,2.834,21,36,8,11.274,133,188,8,0.569,-1.583,2,5.0,10.722,5.0,-8.222,False,False,False,False,True,True,C
site_2_006,site_2,AWPCEDHVGFVERERGQI,18,/media/yjz/htr/synuclein/results/relaxed/site_2/site_2_006.pdb,/media/yjz/htr/synuclein/results/generated/site_2/site_2_006.pdb,1771597717676.55,86,71,38,57,81,101,42,74,9,2.775,78,97,41,69,9,2.764,61,77,9,11.903,124,175,9,0.882,-0.722,2,-0.556,9.944,-0.556,-12.889,False,False,False,False,False,True,C
site_2_018,site_2,SDRRLQLLEPQIIYDYVCN,19,/media/yjz/htr/synuclein/results/relaxed/site_2/site_2_018.pdb,/media/yjz/htr/synuclein/results/generated/site_2/site_2_018.pdb,16092339723.24,105,122,41,36,9,9,8,9,9,2.776,10,9,9,9,9,2.765,32,66,9,11.901,113,124,9,0.881,-0.416,3,5.211,-0.105,-0.105,-13.842,False,False,False,False,False,True,C
site_2_024,site_2,RQQLYMEEIWR,11,/media/yjz/htr/synuclein/results/relaxed/site_2/site_2_024.pdb,/media/yjz/htr/synuclein/results/generated/site_2/site_2_024.pdb,12219765821.68,36,59,12,9,4,0,4,0,9,2.778,4,0,4,0,9,2.767,19,28,9,11.905,39,48,9,0.88,-1.364,3,4.545,-3.273,-3.273,-16.091,False,False,False,False,False,True,C
site_4_014,site_4,KDEGIGITDECGWFARFNKRPALQL,25,/media/yjz/htr/synuclein/results/relaxed/site_4/site_4_014.pdb,/media/yjz/htr/synuclein/results/generated/site_4/site_4_014.pdb,120751.98,123,0,3,0,165,185,4,0,8,2.804,164,197,5,0,8,2.795,8,19,8,11.224,150,177,8,0.601,-0.556,2,2.08,-1.84,-1.84,-18.92,False,False,False,False,False,True,C
site_4_028,site_4,SPDLNLQSNDNGAQEAYLTEPP,22,/media/yjz/htr/synuclein/results/relaxed/site_4/site_4_028.pdb,/media/yjz/htr/synuclein/results/generated/site_4/site_4_028.pdb,610341594311.95,192,224,2,0,76,123,2,0,8,2.802,67,105,1,0,8,2.793,9,6,8,11.216,177,280,8,0.533,-1.15,2,0.455,8.318,0.455,-21.363,False,False,False,False,True,True,C
site_4_002,site_4,SIILRLTRGVKRNEYSDLR,19,/media/yjz/htr/synuclein/results/relaxed/site_4/site_4_002.pdb,/media/yjz/htr/synuclein/results/generated/site_4/site_4_002.pdb,3.2858936174223815e+22,152,175,5,0,51,23,9,0,8,2.803,49,19,10,0,8,2.793,26,17,8,11.217,151,154,8,0.532,-0.621,3,1.579,-3.263,-3.263,-22.895,False,False,False,False,False,True,C
site_4_008,site_4,TEWLISEFIFRGEENDLANDQLAR,24,/media/yjz/htr/synuclein/results/relaxed/site_4/site_4_008.pdb,/media/yjz/htr/synuclein/results/generated/site_4/site_4_008.pdb,4232623888464534.5,165,181,6,14,102,137,6,12,8,2.802,104,138,7,9,8,2.793,14,1,8,11.216,124,100,8,0.533,-0.571,3,-1.958,-8.417,-8.417,-24.167,False,False,False,False,False,True,C
site_4_009,site_4,TRYPKEDCGEEGGGVQLREWLK,22,/media/yjz/htr/synuclein/results/relaxed/site_4/site_4_009.pdb,/media/yjz/htr/synuclein/results/generated/site_4/site_4_009.pdb,284302107.5,37,38,9,9,155,171,12,14,8,2.803,154,182,11,11,8,2.793,18,47,8,11.217,74,97,8,0.532,-1.345,2,4.227,-7.955,-7.955,-25.773,False,False,False,False,False,True,C
site_4_017,site_4,YARDVACRTYAELQQAERQ,19,/media/yjz/htr/synuclein/results/relaxed/site_4/site_4_017.pdb,/media/yjz/htr/synuclein/results/generated/site_4/site_4_017.pdb,3231801168623.78,129,126,8,3,103,152,11,8,8,2.802,102,154,12,8,8,2.793,18,1,8,11.216,112,103,8,0.532,-1.058,1,-1.474,-8.579,-8.579,-27.526,False,False,False,False,False,True,C
