residue,msa_sasa_a2,msa_common_sasa_a2,fold_distance_a,priority
35,62.81,62.81,17.37,62.81
36,46.92,24.38,17.49,46.92
37,88.97,79.01,12.03,88.97
38,63.95,46.24,11.23,63.95
39,122.89,83.89,11.82,122.89
40,45.34,19.27,25.87,45.34
41,63.16,31.81,32.41,63.16
42,31.32,31.32,28.97,31.32
43,116.58,107.12,15.65,116.58
44,65.3,58.11,14.43,65.3
45,61.47,61.47,14.19,61.47
46,51.8,51.8,21.33,51.8
47,7.59,7.59,21.95,7.59
48,43.4,39.52,19.27,43.4
49,35.26,35.26,17.79,35.26
50,86.41,86.41,18.04,86.41
51,48.5,48.5,23.84,48.5
52,44.5,44.5,18.99,44.5
53,17.2,17.2,17.08,17.2
54,32.22,32.22,13.57,32.22
55,28.08,28.08,9.93,27.89
56,36.33,30.41,9.5,34.51
57,113.61,113.61,5.43,61.74
58,105.26,105.26,6.11,64.27
59,78.94,39.15,6.71,52.95
60,113.03,113.03,6.95,78.51
61,86.69,71.65,5.16,44.77
62,80.64,80.64,6.32,51.0
63,65.44,23.35,4.68,30.65
64,76.46,76.46,8.94,68.37
65,64.57,8.56,11.9,64.57
66,95.55,95.55,21.32,95.55
67,77.4,46.13,23.28,77.4
68,17.55,15.05,19.95,17.55
69,23.39,23.39,17.75,23.39
70,34.6,34.6,11.21,34.6
71,39.89,37.48,10.11,39.89
72,33.25,33.25,9.94,33.06
73,7.62,7.62,11.43,7.62
74,95.58,35.53,15.54,95.58
75,18.21,18.21,12.94,18.21
76,68.75,3.9,15.19,68.75
77,36.29,31.16,12.75,36.29
78,60.85,9.14,15.42,60.85
79,41.02,41.02,12.98,41.02
80,100.98,89.32,13.69,100.98
81,32.6,32.6,10.67,32.6
82,80.56,80.56,17.1,80.56
83,139.42,122.81,0.0,0.0
84,28.95,27.87,0.34,0.97
85,77.26,73.18,3.84,29.64
86,2.55,2.55,4.7,1.2
87,24.5,24.5,6.17,15.12
88,30.52,30.52,5.87,17.91
89,1.0,1.0,8.64,0.87
90,61.72,30.62,9.85,60.81
91,12.24,12.24,12.15,12.24
